Shipment_ID,Shipment_Date,Carrier,Transport_Mode,Distance_Miles,Freight_Cost,Delivery_Status
JM0001,2025-01-01,Carrier C,Rail,1344,1490.80,On Time
JM0002,2025-01-01,Carrier A,Truck,810,1410.45,On Time
JM0003,2025-01-01,Carrier D,Rail,1906,2125.80,On Time
JM0004,2025-01-02,Carrier A,Rail,473,655.38,On Time
JM0005,2025-01-02,Carrier C,Truck,672,1376.92,On Time
JM0006,2025-01-03,Carrier B,Rail,474,611.12,On Time
JM0007,2025-01-03,Carrier A,Truck,171,389.61,On Time
JM0008,2025-01-04,Carrier B,Rail,1842,1844.44,On Time
JM0009,2025-01-04,Carrier E,Truck,1171,2161.81,On Time
JM0010,2025-01-05,Carrier A,Truck,492,1043.89,On Time
JM0011,2025-01-05,Carrier E,Truck,113,344.77,On Time
JM0012,2025-01-06,Carrier A,Rail,1599,1797.00,On Time
JM0013,2025-01-06,Carrier B,Rail,686,887.49,On Time
JM0014,2025-01-07,Carrier A,Truck,1067,2046.28,On Time
JM0015,2025-01-07,Carrier C,Truck,385,876.20,On Time
JM0016,2025-01-08,Carrier B,Rail,878,1041.30,Late
JM0017,2025-01-08,Carrier A,Truck,1237,1993.17,On Time
JM0018,2025-01-08,Carrier A,Rail,1192,1311.80,On Time
JM0019,2025-01-09,Carrier A,Rail,1003,1181.70,On Time
JM0020,2025-01-09,Carrier C,Truck,1332,2606.74,On Time
JM0021,2025-01-10,Carrier D,Truck,489,1025.56,On Time
JM0022,2025-01-10,Carrier C,Rail,854,1083.83,Late
JM0023,2025-01-11,Carrier E,Truck,1269,2285.48,On Time
JM0024,2025-01-11,Carrier D,Rail,949,1210.84,On Time
JM0025,2025-01-12,Carrier D,Rail,1434,1670.13,On Time
JM0026,2025-01-12,Carrier B,Rail,1755,1969.94,On Time
JM0027,2025-01-13,Carrier D,Truck,918,1677.07,On Time
JM0028,2025-01-13,Carrier A,Truck,359,768.05,On Time
JM0029,2025-01-14,Carrier D,Truck,1310,2256.25,On Time
JM0030,2025-01-14,Carrier A,Truck,1337,2153.01,On Time
JM0031,2025-01-15,Carrier D,Truck,813,1714.17,Late
JM0032,2025-01-15,Carrier D,Truck,451,916.75,On Time
JM0033,2025-01-16,Carrier A,Truck,935,1585.51,On Time
JM0034,2025-01-16,Carrier E,Truck,688,1372.23,On Time
JM0035,2025-01-16,Carrier E,Truck,541,1160.98,Late
JM0036,2025-01-17,Carrier A,Truck,761,1338.60,Late
JM0037,2025-01-17,Carrier C,Truck,634,1319.49,On Time
JM0038,2025-01-18,Carrier B,Rail,516,696.79,On Time
JM0039,2025-01-18,Carrier B,Truck,698,1451.77,On Time
JM0040,2025-01-19,Carrier E,Truck,928,1791.43,On Time
JM0041,2025-01-19,Carrier E,Rail,1654,1815.67,On Time
JM0042,2025-01-20,Carrier A,Truck,109,314.41,On Time
JM0043,2025-01-20,Carrier D,Truck,1194,2470.85,On Time
JM0044,2025-01-21,Carrier B,Truck,319,737.24,On Time
JM0045,2025-01-21,Carrier E,Truck,548,1070.57,On Time
JM0046,2025-01-22,Carrier B,Truck,837,1525.01,On Time
JM0047,2025-01-22,Carrier A,Truck,132,362.17,On Time
JM0048,2025-01-23,Carrier E,Truck,957,1972.60,On Time
JM0049,2025-01-23,Carrier C,Truck,239,556.97,On Time
JM0050,2025-01-23,Carrier B,Truck,875,1570.12,On Time
JM0051,2025-01-24,Carrier D,Truck,1066,1858.21,On Time
JM0052,2025-01-24,Carrier A,Truck,1280,2425.69,On Time
JM0053,2025-01-25,Carrier B,Truck,690,1293.35,Late
JM0054,2025-01-25,Carrier D,Rail,1786,2062.49,On Time
JM0055,2025-01-26,Carrier B,Truck,666,1200.95,On Time
JM0056,2025-01-26,Carrier C,Rail,590,773.79,On Time
JM0057,2025-01-27,Carrier B,Truck,1271,2084.80,On Time
JM0058,2025-01-27,Carrier A,Truck,1273,2441.54,On Time
JM0059,2025-01-28,Carrier A,Rail,2064,2188.84,On Time
JM0060,2025-01-28,Carrier B,Truck,496,998.84,On Time
JM0061,2025-01-29,Carrier C,Truck,732,1496.83,On Time
JM0062,2025-01-29,Carrier D,Truck,1098,2289.62,Late
JM0063,2025-01-30,Carrier E,Rail,942,1178.26,Late
JM0064,2025-01-30,Carrier B,Rail,1158,1304.76,On Time
JM0065,2025-01-31,Carrier E,Truck,1201,2133.05,Late
JM0066,2025-02-01,Carrier D,Truck,1329,2704.81,On Time
JM0067,2025-02-01,Carrier A,Rail,699,844.58,On Time
JM0068,2025-02-01,Carrier B,Truck,297,633.48,On Time
JM0069,2025-02-02,Carrier B,Truck,1087,1911.90,On Time
JM0070,2025-02-02,Carrier D,Rail,500,727.95,On Time
JM0071,2025-02-02,Carrier A,Rail,2276,2253.21,On Time
JM0072,2025-02-03,Carrier D,Truck,1151,2300.14,Late
JM0073,2025-02-03,Carrier A,Truck,711,1279.96,On Time
JM0074,2025-02-04,Carrier A,Rail,2216,2182.04,On Time
JM0075,2025-02-04,Carrier A,Truck,1362,2399.95,On Time
JM0076,2025-02-04,Carrier E,Truck,1382,2438.60,On Time
JM0077,2025-02-05,Carrier B,Truck,847,1453.02,On Time
JM0078,2025-02-05,Carrier C,Truck,455,894.72,On Time
JM0079,2025-02-06,Carrier C,Truck,421,958.19,On Time
JM0080,2025-02-06,Carrier C,Truck,985,1786.48,On Time
JM0081,2025-02-06,Carrier A,Truck,829,1561.61,On Time
JM0082,2025-02-07,Carrier A,Truck,1168,2203.99,On Time
JM0083,2025-02-07,Carrier D,Truck,126,385.68,On Time
JM0084,2025-02-08,Carrier B,Truck,1386,2338.83,On Time
JM0085,2025-02-08,Carrier B,Truck,245,566.95,On Time
JM0086,2025-02-08,Carrier E,Truck,1331,2702.41,On Time
JM0087,2025-02-09,Carrier C,Rail,2193,2329.08,On Time
JM0088,2025-02-09,Carrier D,Truck,400,826.41,On Time
JM0089,2025-02-10,Carrier E,Truck,386,889.73,On Time
JM0090,2025-02-10,Carrier D,Truck,719,1485.95,On Time
JM0091,2025-02-10,Carrier E,Rail,737,930.91,On Time
JM0092,2025-02-11,Carrier B,Rail,2357,2240.62,On Time
JM0093,2025-02-11,Carrier E,Truck,449,984.52,On Time
JM0094,2025-02-11,Carrier A,Truck,1299,2377.15,On Time
JM0095,2025-02-12,Carrier B,Truck,317,752.14,On Time
JM0096,2025-02-12,Carrier E,Truck,1058,1918.86,On Time
JM0097,2025-02-13,Carrier A,Truck,631,1222.85,On Time
JM0098,2025-02-13,Carrier C,Truck,184,453.27,On Time
JM0099,2025-02-13,Carrier C,Truck,1187,2148.83,On Time
JM0100,2025-02-14,Carrier D,Rail,2023,2345.00,On Time
JM0101,2025-02-14,Carrier B,Truck,240,609.20,Late
JM0102,2025-02-15,Carrier E,Truck,1264,2339.96,On Time
JM0103,2025-02-15,Carrier D,Rail,1079,1215.52,On Time
JM0104,2025-02-15,Carrier A,Truck,328,728.93,On Time
JM0105,2025-02-16,Carrier A,Truck,521,1041.87,On Time
JM0106,2025-02-16,Carrier A,Truck,772,1411.91,On Time
JM0107,2025-02-17,Carrier A,Truck,955,1822.10,On Time
JM0108,2025-02-17,Carrier A,Rail,2269,2212.38,On Time
JM0109,2025-02-17,Carrier A,Truck,219,467.52,On Time
JM0110,2025-02-18,Carrier B,Truck,1029,1816.21,On Time
JM0111,2025-02-18,Carrier B,Rail,1131,1268.64,On Time
JM0112,2025-02-19,Carrier E,Truck,1047,2223.46,On Time
JM0113,2025-02-19,Carrier C,Rail,1951,2300.27,On Time
JM0114,2025-02-19,Carrier D,Truck,1148,2323.08,On Time
JM0115,2025-02-20,Carrier C,Truck,1374,2704.97,On Time
JM0116,2025-02-20,Carrier A,Truck,1319,2234.17,On Time
JM0117,2025-02-20,Carrier B,Rail,1271,1298.91,On Time
JM0118,2025-02-21,Carrier B,Truck,533,1133.04,On Time
JM0119,2025-02-21,Carrier B,Truck,262,561.39,On Time
JM0120,2025-02-22,Carrier E,Truck,407,857.71,On Time
JM0121,2025-02-22,Carrier D,Rail,2251,2657.59,On Time
JM0122,2025-02-22,Carrier A,Truck,487,938.90,On Time
JM0123,2025-02-23,Carrier C,Truck,1114,1910.99,On Time
JM0124,2025-02-23,Carrier B,Truck,887,1653.13,On Time
JM0125,2025-02-24,Carrier A,Truck,521,909.98,On Time
JM0126,2025-02-24,Carrier A,Truck,895,1479.88,On Time
JM0127,2025-02-24,Carrier E,Truck,1155,2393.24,On Time
JM0128,2025-02-25,Carrier E,Rail,1310,1640.40,On Time
JM0129,2025-02-25,Carrier E,Rail,513,699.11,On Time
JM0130,2025-02-26,Carrier D,Rail,1905,1980.51,On Time
JM0131,2025-02-26,Carrier A,Truck,959,1816.20,On Time
JM0132,2025-02-26,Carrier A,Truck,1311,2313.57,On Time
JM0133,2025-02-27,Carrier B,Truck,97,331.74,On Time
JM0134,2025-02-27,Carrier C,Truck,993,1698.66,On Time
JM0135,2025-02-28,Carrier A,Truck,412,752.21,On Time
JM0136,2025-03-01,Carrier B,Truck,1163,2220.26,On Time
JM0137,2025-03-01,Carrier B,Truck,615,1300.23,On Time
JM0138,2025-03-01,Carrier B,Rail,1545,1686.04,On Time
JM0139,2025-03-02,Carrier B,Truck,658,1384.05,Late
JM0140,2025-03-02,Carrier E,Rail,1347,1546.90,On Time
JM0141,2025-03-03,Carrier A,Truck,1388,2279.68,On Time
JM0142,2025-03-03,Carrier A,Truck,589,1059.11,On Time
JM0143,2025-03-03,Carrier B,Truck,554,992.58,On Time
JM0144,2025-03-04,Carrier C,Truck,430,822.51,On Time
JM0145,2025-03-04,Carrier C,Truck,783,1550.50,On Time
JM0146,2025-03-05,Carrier E,Rail,2028,2387.00,On Time
JM0147,2025-03-05,Carrier D,Truck,918,1634.53,On Time
JM0148,2025-03-05,Carrier D,Truck,811,1606.30,On Time
JM0149,2025-03-06,Carrier C,Truck,217,543.28,On Time
JM0150,2025-03-06,Carrier B,Truck,394,814.83,On Time
JM0151,2025-03-07,Carrier B,Rail,1115,1140.28,On Time
JM0152,2025-03-07,Carrier D,Rail,2185,2288.50,On Time
JM0153,2025-03-07,Carrier D,Truck,397,921.23,On Time
JM0154,2025-03-08,Carrier B,Rail,1515,1758.99,On Time
JM0155,2025-03-08,Carrier A,Truck,435,788.30,On Time
JM0156,2025-03-09,Carrier A,Truck,346,780.70,On Time
JM0157,2025-03-09,Carrier B,Truck,597,1186.66,On Time
JM0158,2025-03-09,Carrier C,Rail,1294,1329.89,On Time
JM0159,2025-03-10,Carrier C,Truck,502,982.61,On Time
JM0160,2025-03-10,Carrier B,Truck,417,907.85,On Time
JM0161,2025-03-11,Carrier B,Truck,185,482.53,On Time
JM0162,2025-03-11,Carrier A,Truck,1379,2271.56,On Time
JM0163,2025-03-11,Carrier A,Rail,1082,1088.99,On Time
JM0164,2025-03-12,Carrier A,Rail,1692,1746.57,On Time
JM0165,2025-03-12,Carrier A,Truck,99,284.78,Late
JM0166,2025-03-13,Carrier B,Truck,1303,2406.20,On Time
JM0167,2025-03-13,Carrier D,Truck,1326,2563.00,Late
JM0168,2025-03-13,Carrier A,Truck,563,1135.23,On Time
JM0169,2025-03-14,Carrier A,Rail,555,654.78,On Time
JM0170,2025-03-14,Carrier A,Rail,645,786.61,On Time
JM0171,2025-03-15,Carrier C,Truck,1367,2308.13,On Time
JM0172,2025-03-15,Carrier D,Truck,963,2018.24,On Time
JM0173,2025-03-16,Carrier A,Rail,481,644.85,On Time
JM0174,2025-03-16,Carrier B,Rail,2160,2113.08,Late
JM0175,2025-03-16,Carrier B,Truck,674,1243.87,On Time
JM0176,2025-03-17,Carrier C,Truck,1069,1917.02,On Time
JM0177,2025-03-17,Carrier D,Truck,1107,2118.98,On Time
JM0178,2025-03-18,Carrier B,Truck,1344,2577.14,On Time
JM0179,2025-03-18,Carrier B,Truck,169,449.46,On Time
JM0180,2025-03-18,Carrier D,Truck,1153,2342.80,Late
JM0181,2025-03-19,Carrier D,Truck,556,1189.51,On Time
JM0182,2025-03-19,Carrier D,Truck,727,1362.99,On Time
JM0183,2025-03-20,Carrier B,Rail,1587,1851.77,Late
JM0184,2025-03-20,Carrier A,Truck,648,1308.91,On Time
JM0185,2025-03-20,Carrier A,Truck,483,977.53,On Time
JM0186,2025-03-21,Carrier D,Truck,952,1893.35,On Time
JM0187,2025-03-21,Carrier D,Rail,451,663.38,On Time
JM0188,2025-03-22,Carrier C,Truck,1313,2580.47,On Time
JM0189,2025-03-22,Carrier D,Truck,202,492.96,On Time
JM0190,2025-03-22,Carrier A,Truck,549,1046.85,On Time
JM0191,2025-03-23,Carrier C,Truck,997,2010.06,On Time
JM0192,2025-03-23,Carrier B,Truck,600,1099.98,On Time
JM0193,2025-03-24,Carrier D,Rail,2227,2330.56,On Time
JM0194,2025-03-24,Carrier D,Truck,714,1363.62,On Time
JM0195,2025-03-24,Carrier A,Truck,935,1772.55,On Time
JM0196,2025-03-25,Carrier A,Truck,138,354.97,On Time
JM0197,2025-03-25,Carrier B,Truck,878,1742.91,On Time
JM0198,2025-03-26,Carrier B,Truck,1323,2217.82,On Time
JM0199,2025-03-26,Carrier A,Truck,136,372.15,On Time
JM0200,2025-03-26,Carrier C,Rail,2012,2333.90,On Time
JM0201,2025-03-27,Carrier A,Truck,1360,2336.37,On Time
JM0202,2025-03-27,Carrier D,Truck,877,1589.08,On Time
JM0203,2025-03-28,Carrier D,Truck,945,1714.02,On Time
JM0204,2025-03-28,Carrier E,Rail,886,1048.45,On Time
JM0205,2025-03-28,Carrier A,Truck,475,970.70,On Time
JM0206,2025-03-29,Carrier A,Truck,164,406.81,On Time
JM0207,2025-03-29,Carrier B,Truck,977,1961.24,On Time
JM0208,2025-03-30,Carrier A,Rail,1145,1359.78,On Time
JM0209,2025-03-30,Carrier B,Rail,2343,2444.48,On Time
JM0210,2025-03-31,Carrier A,Rail,1017,1109.39,On Time
JM0211,2025-04-01,Carrier E,Truck,1268,2609.43,Late
JM0212,2025-04-01,Carrier A,Truck,1287,2115.95,On Time
JM0213,2025-04-01,Carrier B,Truck,1093,2139.18,On Time
JM0214,2025-04-02,Carrier C,Truck,782,1408.02,On Time
JM0215,2025-04-02,Carrier D,Truck,146,431.23,On Time
JM0216,2025-04-02,Carrier E,Truck,1251,2398.06,On Time
JM0217,2025-04-03,Carrier A,Truck,1162,2026.85,On Time
JM0218,2025-04-03,Carrier D,Truck,1210,2379.02,On Time
JM0219,2025-04-03,Carrier D,Truck,999,1753.20,On Time
JM0220,2025-04-04,Carrier E,Rail,1229,1483.69,On Time
JM0221,2025-04-04,Carrier A,Rail,978,1020.60,On Time
JM0222,2025-04-05,Carrier A,Truck,693,1374.60,On Time
JM0223,2025-04-05,Carrier A,Truck,259,569.33,On Time
JM0224,2025-04-05,Carrier C,Rail,1366,1515.39,On Time
JM0225,2025-04-06,Carrier A,Rail,2369,2511.73,On Time
JM0226,2025-04-06,Carrier C,Rail,1337,1616.23,On Time
JM0227,2025-04-06,Carrier C,Truck,1187,2403.99,On Time
JM0228,2025-04-07,Carrier A,Truck,996,1784.65,On Time
JM0229,2025-04-07,Carrier B,Truck,1125,2255.12,On Time
JM0230,2025-04-07,Carrier B,Rail,956,1157.42,On Time
JM0231,2025-04-08,Carrier A,Truck,247,575.78,On Time
JM0232,2025-04-08,Carrier A,Truck,1322,2336.88,On Time
JM0233,2025-04-09,Carrier B,Rail,900,965.17,On Time
JM0234,2025-04-09,Carrier B,Truck,545,1037.29,On Time
JM0235,2025-04-09,Carrier D,Truck,1371,2830.37,On Time
JM0236,2025-04-10,Carrier C,Truck,1086,2026.48,On Time
JM0237,2025-04-10,Carrier D,Truck,617,1134.83,On Time
JM0238,2025-04-10,Carrier E,Rail,691,851.54,Late
JM0239,2025-04-11,Carrier E,Truck,647,1247.79,On Time
JM0240,2025-04-11,Carrier D,Truck,1251,2289.19,Late
JM0241,2025-04-12,Carrier C,Truck,407,932.12,On Time
JM0242,2025-04-12,Carrier B,Truck,972,1896.51,On Time
JM0243,2025-04-12,Carrier D,Rail,1731,1921.24,On Time
JM0244,2025-04-13,Carrier A,Rail,1293,1359.42,On Time
JM0245,2025-04-13,Carrier C,Truck,119,351.85,On Time
JM0246,2025-04-13,Carrier B,Truck,870,1622.67,Late
JM0247,2025-04-14,Carrier A,Truck,332,633.21,On Time
JM0248,2025-04-14,Carrier B,Truck,643,1353.58,On Time
JM0249,2025-04-14,Carrier A,Truck,660,1354.42,On Time
JM0250,2025-04-15,Carrier E,Truck,259,603.37,On Time
JM0251,2025-04-15,Carrier A,Rail,1455,1476.04,On Time
JM0252,2025-04-16,Carrier B,Truck,517,987.84,On Time
JM0253,2025-04-16,Carrier B,Truck,1025,1773.31,On Time
JM0254,2025-04-16,Carrier D,Rail,1266,1310.29,Late
JM0255,2025-04-17,Carrier A,Rail,1019,1058.71,On Time
JM0256,2025-04-17,Carrier D,Truck,666,1280.74,On Time
JM0257,2025-04-17,Carrier D,Rail,1699,1795.99,On Time
JM0258,2025-04-18,Carrier B,Truck,512,1090.13,On Time
JM0259,2025-04-18,Carrier D,Truck,1212,2138.41,On Time
JM0260,2025-04-18,Carrier A,Truck,1198,1932.34,On Time
JM0261,2025-04-19,Carrier B,Rail,1337,1357.33,Late
JM0262,2025-04-19,Carrier E,Truck,342,783.08,On Time
JM0263,2025-04-20,Carrier B,Truck,221,543.13,On Time
JM0264,2025-04-20,Carrier B,Truck,902,1537.69,On Time
JM0265,2025-04-20,Carrier C,Truck,328,719.84,On Time
JM0266,2025-04-21,Carrier A,Rail,1081,1094.53,On Time
JM0267,2025-04-21,Carrier B,Truck,347,720.37,On Time
JM0268,2025-04-21,Carrier A,Truck,808,1368.66,On Time
JM0269,2025-04-22,Carrier C,Rail,1652,1974.85,On Time
JM0270,2025-04-22,Carrier A,Rail,939,1125.05,On Time
JM0271,2025-04-23,Carrier B,Truck,254,595.42,On Time
JM0272,2025-04-23,Carrier A,Truck,409,835.22,On Time
JM0273,2025-04-23,Carrier E,Rail,1568,1651.45,On Time
JM0274,2025-04-24,Carrier A,Truck,105,308.43,On Time
JM0275,2025-04-24,Carrier E,Rail,625,741.90,On Time
JM0276,2025-04-24,Carrier A,Rail,1452,1654.87,On Time
JM0277,2025-04-25,Carrier B,Rail,1274,1397.52,On Time
JM0278,2025-04-25,Carrier A,Truck,1221,2108.94,On Time
JM0279,2025-04-25,Carrier B,Rail,851,963.75,On Time
JM0280,2025-04-26,Carrier D,Truck,1016,2143.67,Late
JM0281,2025-04-26,Carrier B,Truck,167,469.40,On Time
JM0282,2025-04-27,Carrier E,Rail,2119,2543.34,On Time
JM0283,2025-04-27,Carrier A,Rail,2247,2482.06,On Time
JM0284,2025-04-27,Carrier C,Rail,820,1044.49,On Time
JM0285,2025-04-28,Carrier B,Rail,1851,1995.33,Late
JM0286,2025-04-28,Carrier A,Rail,2142,2399.71,Late
JM0287,2025-04-28,Carrier A,Truck,544,1066.55,On Time
JM0288,2025-04-29,Carrier D,Rail,1525,1829.06,On Time
JM0289,2025-04-29,Carrier D,Truck,827,1672.40,On Time
JM0290,2025-04-30,Carrier A,Rail,684,791.44,On Time
JM0291,2025-05-01,Carrier C,Truck,362,767.82,On Time
JM0292,2025-05-01,Carrier E,Truck,218,586.20,On Time
JM0293,2025-05-01,Carrier C,Truck,1357,2266.27,On Time
JM0294,2025-05-02,Carrier A,Truck,1302,2140.03,On Time
JM0295,2025-05-02,Carrier C,Rail,1578,1892.21,On Time
JM0296,2025-05-02,Carrier E,Truck,886,1874.91,On Time
JM0297,2025-05-03,Carrier A,Rail,2186,2286.10,On Time
JM0298,2025-05-03,Carrier D,Truck,248,547.34,On Time
JM0299,2025-05-03,Carrier B,Rail,1339,1392.10,On Time
JM0300,2025-05-04,Carrier A,Truck,155,405.60,Late
JM0301,2025-05-04,Carrier A,Truck,449,844.63,Late
JM0302,2025-05-04,Carrier E,Truck,835,1681.69,On Time
JM0303,2025-05-05,Carrier D,Truck,1310,2241.48,On Time
JM0304,2025-05-05,Carrier A,Truck,433,859.91,On Time
JM0305,2025-05-06,Carrier C,Truck,1202,2043.78,On Time
JM0306,2025-05-06,Carrier E,Truck,802,1613.42,On Time
JM0307,2025-05-06,Carrier D,Rail,2082,2094.75,On Time
JM0308,2025-05-07,Carrier A,Truck,122,374.42,On Time
JM0309,2025-05-07,Carrier A,Truck,1220,2343.46,On Time
JM0310,2025-05-07,Carrier B,Truck,925,1653.01,On Time
JM0311,2025-05-08,Carrier D,Truck,1133,2241.44,On Time
JM0312,2025-05-08,Carrier A,Truck,619,1255.82,On Time
JM0313,2025-05-08,Carrier C,Truck,149,432.44,On Time
JM0314,2025-05-09,Carrier B,Truck,485,913.12,On Time
JM0315,2025-05-09,Carrier D,Rail,2221,2479.99,On Time
JM0316,2025-05-09,Carrier A,Truck,1049,1923.39,Late
JM0317,2025-05-10,Carrier A,Truck,989,1820.28,On Time
JM0318,2025-05-10,Carrier A,Truck,558,975.91,On Time
JM0319,2025-05-11,Carrier A,Truck,824,1572.30,On Time
JM0320,2025-05-11,Carrier B,Truck,464,1005.72,On Time
JM0321,2025-05-11,Carrier B,Truck,923,1784.79,On Time
JM0322,2025-05-12,Carrier E,Truck,379,787.23,On Time
JM0323,2025-05-12,Carrier B,Truck,634,1130.80,On Time
JM0324,2025-05-12,Carrier B,Truck,943,1677.49,On Time
JM0325,2025-05-13,Carrier C,Truck,400,897.67,On Time
JM0326,2025-05-13,Carrier E,Rail,1586,1711.88,Late
JM0327,2025-05-13,Carrier A,Rail,2389,2407.96,On Time
JM0328,2025-05-14,Carrier A,Truck,701,1391.05,On Time
JM0329,2025-05-14,Carrier A,Truck,1209,2335.88,On Time
JM0330,2025-05-14,Carrier B,Truck,775,1501.13,On Time
JM0331,2025-05-15,Carrier A,Rail,1669,1687.79,On Time
JM0332,2025-05-15,Carrier A,Truck,858,1670.25,On Time
JM0333,2025-05-16,Carrier B,Rail,2397,2720.81,On Time
JM0334,2025-05-16,Carrier A,Truck,1196,2105.24,On Time
JM0335,2025-05-16,Carrier A,Rail,2351,2159.98,On Time
JM0336,2025-05-17,Carrier D,Truck,635,1216.10,On Time
JM0337,2025-05-17,Carrier B,Truck,522,1059.83,On Time
JM0338,2025-05-17,Carrier B,Truck,1374,2660.40,On Time
JM0339,2025-05-18,Carrier D,Truck,1243,2173.49,On Time
JM0340,2025-05-18,Carrier A,Truck,390,750.53,On Time
JM0341,2025-05-18,Carrier B,Truck,1170,2016.61,On Time
JM0342,2025-05-19,Carrier C,Truck,131,359.94,On Time
JM0343,2025-05-19,Carrier A,Rail,2119,2067.62,On Time
JM0344,2025-05-19,Carrier A,Rail,2302,2113.06,On Time
JM0345,2025-05-20,Carrier A,Rail,1313,1477.98,On Time
JM0346,2025-05-20,Carrier C,Rail,900,978.04,On Time
JM0347,2025-05-21,Carrier C,Truck,422,934.59,On Time
JM0348,2025-05-21,Carrier D,Rail,839,1017.90,Late
JM0349,2025-05-21,Carrier C,Truck,544,1048.83,On Time
JM0350,2025-05-22,Carrier B,Truck,82,286.43,On Time
JM0351,2025-05-22,Carrier A,Truck,245,578.85,On Time
JM0352,2025-05-22,Carrier A,Truck,1040,1817.22,On Time
JM0353,2025-05-23,Carrier B,Truck,905,1626.38,On Time
JM0354,2025-05-23,Carrier B,Truck,1247,2302.04,On Time
JM0355,2025-05-23,Carrier C,Truck,487,1074.05,Late
JM0356,2025-05-24,Carrier D,Truck,384,898.91,On Time
JM0357,2025-05-24,Carrier A,Rail,571,661.40,Late
JM0358,2025-05-24,Carrier E,Truck,326,744.20,On Time
JM0359,2025-05-25,Carrier A,Rail,1990,2108.23,On Time
JM0360,2025-05-25,Carrier D,Truck,594,1189.86,On Time
JM0361,2025-05-26,Carrier E,Rail,1849,2132.32,On Time
JM0362,2025-05-26,Carrier A,Truck,1227,2332.14,On Time
JM0363,2025-05-26,Carrier A,Rail,461,633.05,On Time
JM0364,2025-05-27,Carrier A,Truck,996,1661.20,On Time
JM0365,2025-05-27,Carrier C,Truck,1302,2343.10,On Time
JM0366,2025-05-27,Carrier E,Truck,706,1454.12,On Time
JM0367,2025-05-28,Carrier B,Truck,208,536.91,On Time
JM0368,2025-05-28,Carrier C,Truck,569,1030.38,On Time
JM0369,2025-05-28,Carrier C,Truck,1195,2410.21,On Time
JM0370,2025-05-29,Carrier C,Truck,213,479.20,On Time
JM0371,2025-05-29,Carrier C,Truck,360,709.90,On Time
JM0372,2025-05-29,Carrier A,Rail,2011,2009.54,On Time
JM0373,2025-05-30,Carrier C,Rail,2386,2736.33,On Time
JM0374,2025-05-30,Carrier D,Truck,782,1504.61,On Time
JM0375,2025-05-31,Carrier E,Truck,481,1062.65,Late
JM0376,2025-06-01,Carrier B,Truck,1345,2561.48,On Time
JM0377,2025-06-01,Carrier A,Truck,91,318.27,On Time
JM0378,2025-06-01,Carrier C,Rail,1767,1839.27,On Time
JM0379,2025-06-02,Carrier A,Rail,775,927.56,On Time
JM0380,2025-06-02,Carrier B,Truck,995,1832.44,On Time
JM0381,2025-06-02,Carrier D,Rail,1954,2173.98,On Time
JM0382,2025-06-03,Carrier A,Truck,759,1497.12,On Time
JM0383,2025-06-03,Carrier A,Truck,1077,1909.16,On Time
JM0384,2025-06-03,Carrier D,Truck,618,1311.47,On Time
JM0385,2025-06-04,Carrier B,Rail,1381,1436.96,On Time
JM0386,2025-06-04,Carrier B,Truck,851,1739.75,On Time
JM0387,2025-06-04,Carrier A,Truck,488,1016.05,On Time
JM0388,2025-06-05,Carrier D,Truck,1049,1916.40,On Time
JM0389,2025-06-05,Carrier C,Truck,256,608.69,On Time
JM0390,2025-06-05,Carrier A,Truck,851,1518.91,On Time
JM0391,2025-06-06,Carrier B,Rail,1507,1582.31,On Time
JM0392,2025-06-06,Carrier E,Truck,1182,2140.60,On Time
JM0393,2025-06-06,Carrier B,Rail,996,1114.53,On Time
JM0394,2025-06-07,Carrier C,Rail,2187,2530.30,On Time
JM0395,2025-06-07,Carrier A,Rail,2225,2054.37,On Time
JM0396,2025-06-07,Carrier A,Truck,1167,1973.76,On Time
JM0397,2025-06-08,Carrier A,Rail,688,756.12,On Time
JM0398,2025-06-08,Carrier A,Truck,156,401.29,On Time
JM0399,2025-06-08,Carrier D,Truck,206,543.78,On Time
JM0400,2025-06-09,Carrier A,Rail,1443,1589.61,On Time
JM0401,2025-06-09,Carrier B,Truck,835,1655.81,On Time
JM0402,2025-06-09,Carrier E,Truck,872,1665.59,On Time
JM0403,2025-06-10,Carrier C,Rail,1976,1972.57,On Time
JM0404,2025-06-10,Carrier D,Rail,2334,2520.44,On Time
JM0405,2025-06-11,Carrier B,Rail,898,1007.35,On Time
JM0406,2025-06-11,Carrier A,Truck,205,510.52,On Time
JM0407,2025-06-11,Carrier E,Truck,974,2041.60,Late
JM0408,2025-06-12,Carrier A,Truck,829,1466.03,On Time
JM0409,2025-06-12,Carrier E,Truck,1255,2684.55,On Time
JM0410,2025-06-12,Carrier D,Rail,1679,1706.44,On Time
JM0411,2025-06-13,Carrier A,Truck,675,1240.00,On Time
JM0412,2025-06-13,Carrier B,Truck,123,377.16,On Time
JM0413,2025-06-13,Carrier A,Truck,801,1403.00,On Time
JM0414,2025-06-14,Carrier A,Rail,813,849.72,On Time
JM0415,2025-06-14,Carrier E,Rail,2369,2530.26,On Time
JM0416,2025-06-14,Carrier C,Truck,305,681.66,On Time
JM0417,2025-06-15,Carrier B,Rail,1413,1636.46,Late
JM0418,2025-06-15,Carrier E,Truck,1258,2278.15,On Time
JM0419,2025-06-15,Carrier E,Rail,1332,1493.94,On Time
JM0420,2025-06-16,Carrier E,Rail,1333,1540.31,On Time
JM0421,2025-06-16,Carrier B,Truck,164,431.98,On Time
JM0422,2025-06-16,Carrier A,Truck,297,692.88,Late
JM0423,2025-06-17,Carrier E,Rail,1754,2068.96,On Time
JM0424,2025-06-17,Carrier B,Truck,662,1339.24,On Time
JM0425,2025-06-17,Carrier B,Truck,1199,2204.85,Late
JM0426,2025-06-18,Carrier D,Truck,95,338.11,On Time
JM0427,2025-06-18,Carrier D,Truck,1286,2683.83,On Time
JM0428,2025-06-18,Carrier D,Truck,463,1068.31,On Time
JM0429,2025-06-19,Carrier C,Rail,1038,1279.70,On Time
JM0430,2025-06-19,Carrier B,Rail,2233,2352.51,On Time
JM0431,2025-06-19,Carrier C,Truck,1243,2403.17,On Time
JM0432,2025-06-20,Carrier D,Truck,1077,2175.58,On Time
JM0433,2025-06-20,Carrier B,Truck,153,427.61,On Time
JM0434,2025-06-21,Carrier E,Rail,1052,1323.89,On Time
JM0435,2025-06-21,Carrier B,Rail,1424,1631.13,On Time
JM0436,2025-06-21,Carrier A,Truck,371,821.21,On Time
JM0437,2025-06-22,Carrier A,Truck,501,1007.21,On Time
JM0438,2025-06-22,Carrier C,Truck,1121,2026.40,On Time
JM0439,2025-06-22,Carrier D,Truck,672,1438.03,On Time
JM0440,2025-06-23,Carrier C,Truck,321,665.28,On Time
JM0441,2025-06-23,Carrier E,Truck,256,623.20,On Time
JM0442,2025-06-23,Carrier E,Truck,86,301.22,On Time
JM0443,2025-06-24,Carrier B,Truck,391,749.40,On Time
JM0444,2025-06-24,Carrier B,Rail,1876,1818.30,On Time
JM0445,2025-06-24,Carrier A,Truck,1157,2152.96,On Time
JM0446,2025-06-25,Carrier C,Truck,991,1984.61,On Time
JM0447,2025-06-25,Carrier C,Rail,1180,1316.12,On Time
JM0448,2025-06-25,Carrier C,Truck,771,1498.16,On Time
JM0449,2025-06-26,Carrier D,Rail,926,1216.03,On Time
JM0450,2025-06-26,Carrier C,Rail,2172,2352.07,On Time
JM0451,2025-06-26,Carrier A,Rail,830,883.66,On Time
JM0452,2025-06-27,Carrier E,Truck,177,469.73,On Time
JM0453,2025-06-27,Carrier C,Truck,190,494.01,On Time
JM0454,2025-06-27,Carrier A,Truck,176,438.54,On Time
JM0455,2025-06-28,Carrier A,Truck,1021,1728.84,On Time
JM0456,2025-06-28,Carrier E,Truck,782,1530.99,On Time
JM0457,2025-06-28,Carrier A,Truck,1324,2319.42,On Time
JM0458,2025-06-29,Carrier B,Rail,1507,1720.10,Late
JM0459,2025-06-29,Carrier C,Truck,1038,1996.10,On Time
JM0460,2025-06-30,Carrier A,Rail,1579,1716.16,On Time
JM0461,2025-07-01,Carrier C,Truck,886,1677.80,On Time
JM0462,2025-07-01,Carrier B,Truck,98,296.91,On Time
JM0463,2025-07-01,Carrier A,Truck,642,1264.49,On Time
JM0464,2025-07-02,Carrier C,Truck,541,1062.78,On Time
JM0465,2025-07-02,Carrier A,Rail,894,1018.16,On Time
JM0466,2025-07-02,Carrier B,Truck,1399,2360.86,On Time
JM0467,2025-07-03,Carrier A,Rail,2104,2135.63,On Time
JM0468,2025-07-03,Carrier B,Rail,2152,2175.40,On Time
JM0469,2025-07-03,Carrier B,Truck,1367,2643.38,On Time
JM0470,2025-07-04,Carrier B,Truck,314,648.66,On Time
JM0471,2025-07-04,Carrier E,Truck,141,391.56,On Time
JM0472,2025-07-04,Carrier A,Truck,618,1120.13,On Time
JM0473,2025-07-05,Carrier A,Rail,468,613.54,On Time
JM0474,2025-07-05,Carrier A,Truck,1048,1953.34,On Time
JM0475,2025-07-05,Carrier B,Truck,1309,2461.33,On Time
JM0476,2025-07-06,Carrier C,Rail,1237,1324.64,On Time
JM0477,2025-07-06,Carrier B,Truck,1242,2343.83,On Time
JM0478,2025-07-06,Carrier B,Truck,544,974.75,On Time
JM0479,2025-07-07,Carrier B,Truck,1199,1987.37,On Time
JM0480,2025-07-07,Carrier B,Truck,611,1154.85,Late
JM0481,2025-07-07,Carrier E,Truck,218,556.78,On Time
JM0482,2025-07-08,Carrier B,Truck,291,656.71,Late
JM0483,2025-07-08,Carrier D,Truck,1075,2068.45,On Time
JM0484,2025-07-08,Carrier E,Rail,1357,1430.53,On Time
JM0485,2025-07-09,Carrier C,Truck,843,1553.10,On Time
JM0486,2025-07-09,Carrier C,Truck,444,840.34,On Time
JM0487,2025-07-09,Carrier B,Truck,1170,2121.60,On Time
JM0488,2025-07-10,Carrier C,Rail,788,959.62,On Time
JM0489,2025-07-10,Carrier E,Rail,978,1188.51,On Time
JM0490,2025-07-10,Carrier C,Truck,1381,2439.41,On Time
JM0491,2025-07-11,Carrier C,Truck,1019,1937.64,On Time
JM0492,2025-07-11,Carrier A,Rail,785,913.25,On Time
JM0493,2025-07-11,Carrier B,Truck,512,1013.63,On Time
JM0494,2025-07-12,Carrier D,Rail,766,882.72,On Time
JM0495,2025-07-12,Carrier B,Rail,2050,2265.02,On Time
JM0496,2025-07-12,Carrier C,Rail,607,816.03,On Time
JM0497,2025-07-13,Carrier A,Truck,473,838.62,On Time
JM0498,2025-07-13,Carrier C,Truck,986,1691.83,On Time
JM0499,2025-07-13,Carrier B,Truck,1277,2120.24,On Time
JM0500,2025-07-14,Carrier D,Truck,198,511.52,Late
JM0501,2025-07-14,Carrier C,Rail,1110,1168.66,On Time
JM0502,2025-07-14,Carrier C,Truck,969,1663.62,On Time
JM0503,2025-07-15,Carrier B,Rail,459,552.89,On Time
JM0504,2025-07-15,Carrier B,Truck,293,674.50,On Time
JM0505,2025-07-15,Carrier B,Rail,1369,1380.75,On Time
JM0506,2025-07-16,Carrier B,Rail,848,1048.77,On Time
JM0507,2025-07-16,Carrier C,Truck,680,1317.58,On Time
JM0508,2025-07-16,Carrier D,Truck,153,414.86,On Time
JM0509,2025-07-17,Carrier E,Truck,925,1881.56,On Time
JM0510,2025-07-17,Carrier D,Rail,1005,1231.54,On Time
JM0511,2025-07-17,Carrier B,Rail,2219,2321.94,On Time
JM0512,2025-07-18,Carrier A,Truck,1241,2120.07,On Time
JM0513,2025-07-18,Carrier D,Truck,675,1415.67,On Time
JM0514,2025-07-18,Carrier B,Truck,994,1686.51,On Time
JM0515,2025-07-19,Carrier C,Truck,617,1227.02,On Time
JM0516,2025-07-19,Carrier D,Truck,861,1560.56,On Time
JM0517,2025-07-19,Carrier B,Truck,175,442.58,On Time
JM0518,2025-07-20,Carrier E,Truck,480,977.23,On Time
JM0519,2025-07-20,Carrier A,Truck,369,765.45,On Time
JM0520,2025-07-20,Carrier C,Truck,670,1442.22,On Time
JM0521,2025-07-21,Carrier A,Truck,294,662.69,On Time
JM0522,2025-07-21,Carrier A,Truck,701,1420.89,On Time
JM0523,2025-07-21,Carrier C,Truck,449,954.38,On Time
JM0524,2025-07-22,Carrier C,Truck,1266,2281.27,On Time
JM0525,2025-07-22,Carrier B,Truck,1382,2632.92,On Time
JM0526,2025-07-22,Carrier B,Truck,85,275.60,On Time
JM0527,2025-07-23,Carrier C,Truck,153,405.52,On Time
JM0528,2025-07-23,Carrier E,Truck,665,1259.34,On Time
JM0529,2025-07-23,Carrier E,Truck,716,1375.68,On Time
JM0530,2025-07-24,Carrier B,Rail,1072,1207.92,On Time
JM0531,2025-07-24,Carrier A,Rail,2143,2125.69,On Time
JM0532,2025-07-24,Carrier C,Rail,2181,2458.87,On Time
JM0533,2025-07-25,Carrier C,Rail,512,637.35,On Time
JM0534,2025-07-25,Carrier B,Truck,859,1562.14,On Time
JM0535,2025-07-25,Carrier A,Truck,827,1380.70,On Time
JM0536,2025-07-26,Carrier B,Truck,94,328.44,On Time
JM0537,2025-07-26,Carrier C,Truck,267,617.88,On Time
JM0538,2025-07-26,Carrier B,Rail,1169,1320.37,On Time
JM0539,2025-07-27,Carrier D,Truck,915,1767.86,Late
JM0540,2025-07-27,Carrier A,Truck,685,1252.13,On Time
JM0541,2025-07-27,Carrier A,Truck,1029,1993.39,On Time
JM0542,2025-07-28,Carrier D,Truck,1247,2190.12,On Time
JM0543,2025-07-28,Carrier A,Truck,387,808.18,Late
JM0544,2025-07-28,Carrier D,Truck,1065,1962.61,On Time
JM0545,2025-07-29,Carrier A,Truck,820,1602.67,On Time
JM0546,2025-07-29,Carrier B,Rail,2091,2152.48,On Time
JM0547,2025-07-29,Carrier D,Truck,1331,2322.20,On Time
JM0548,2025-07-30,Carrier A,Truck,237,587.70,On Time
JM0549,2025-07-30,Carrier C,Truck,265,631.87,On Time
JM0550,2025-07-31,Carrier B,Truck,1197,2170.46,On Time
JM0551,2025-08-01,Carrier C,Truck,1144,2180.48,On Time
JM0552,2025-08-01,Carrier A,Truck,1207,2327.40,On Time
JM0553,2025-08-01,Carrier C,Truck,996,2066.80,On Time
JM0554,2025-08-02,Carrier B,Truck,732,1404.42,On Time
JM0555,2025-08-02,Carrier E,Truck,289,742.15,On Time
JM0556,2025-08-02,Carrier E,Truck,267,673.53,On Time
JM0557,2025-08-03,Carrier E,Truck,695,1526.96,Late
JM0558,2025-08-03,Carrier B,Truck,1366,2643.38,On Time
JM0559,2025-08-03,Carrier D,Rail,1816,1822.36,On Time
JM0560,2025-08-04,Carrier C,Truck,718,1498.84,On Time
JM0561,2025-08-04,Carrier B,Rail,1764,1747.53,Late
JM0562,2025-08-04,Carrier C,Truck,1204,2396.09,On Time
JM0563,2025-08-05,Carrier C,Truck,1009,2042.95,On Time
JM0564,2025-08-05,Carrier E,Rail,1972,2058.69,On Time
JM0565,2025-08-05,Carrier D,Truck,835,1520.53,On Time
JM0566,2025-08-06,Carrier C,Truck,947,1744.96,On Time
JM0567,2025-08-06,Carrier A,Truck,966,1750.51,On Time
JM0568,2025-08-06,Carrier B,Truck,1145,2044.32,Late
JM0569,2025-08-07,Carrier D,Truck,722,1442.51,On Time
JM0570,2025-08-07,Carrier A,Truck,414,771.52,On Time
JM0571,2025-08-07,Carrier C,Truck,1170,2339.73,On Time
JM0572,2025-08-08,Carrier A,Truck,1233,1966.19,Late
JM0573,2025-08-08,Carrier D,Rail,1282,1482.36,On Time
JM0574,2025-08-08,Carrier D,Truck,1097,1920.23,On Time
JM0575,2025-08-09,Carrier A,Truck,1380,2404.96,On Time
JM0576,2025-08-09,Carrier D,Truck,392,776.33,On Time
JM0577,2025-08-09,Carrier E,Truck,552,1115.45,On Time
JM0578,2025-08-10,Carrier D,Truck,839,1755.44,On Time
JM0579,2025-08-10,Carrier D,Truck,563,1160.18,On Time
JM0580,2025-08-10,Carrier A,Truck,1099,2082.39,On Time
JM0581,2025-08-11,Carrier B,Truck,1261,2252.58,On Time
JM0582,2025-08-11,Carrier D,Rail,1731,1777.04,On Time
JM0583,2025-08-11,Carrier D,Truck,1085,2120.12,On Time
JM0584,2025-08-12,Carrier D,Truck,636,1327.52,Late
JM0585,2025-08-12,Carrier C,Rail,2167,2522.51,On Time
JM0586,2025-08-12,Carrier D,Truck,710,1517.50,On Time
JM0587,2025-08-13,Carrier A,Truck,993,1652.99,On Time
JM0588,2025-08-13,Carrier A,Rail,1765,1884.13,On Time
JM0589,2025-08-13,Carrier C,Rail,1567,1564.04,On Time
JM0590,2025-08-14,Carrier A,Truck,646,1171.12,On Time
JM0591,2025-08-14,Carrier E,Truck,1200,2197.37,On Time
JM0592,2025-08-14,Carrier E,Truck,861,1752.30,On Time
JM0593,2025-08-15,Carrier A,Truck,373,742.85,On Time
JM0594,2025-08-15,Carrier A,Truck,639,1267.11,On Time
JM0595,2025-08-15,Carrier D,Truck,1094,1990.50,On Time
JM0596,2025-08-16,Carrier D,Rail,1147,1259.73,On Time
JM0597,2025-08-16,Carrier C,Truck,635,1341.19,On Time
JM0598,2025-08-16,Carrier A,Truck,868,1674.46,On Time
JM0599,2025-08-17,Carrier E,Truck,577,1149.46,On Time
JM0600,2025-08-17,Carrier B,Truck,911,1735.30,On Time
JM0601,2025-08-17,Carrier C,Truck,659,1184.99,On Time
JM0602,2025-08-18,Carrier D,Truck,480,1008.45,On Time
JM0603,2025-08-18,Carrier B,Truck,307,643.40,On Time
JM0604,2025-08-18,Carrier A,Truck,709,1323.18,Late
JM0605,2025-08-19,Carrier A,Rail,1195,1220.81,On Time
JM0606,2025-08-19,Carrier A,Truck,557,1101.18,Late
JM0607,2025-08-19,Carrier C,Rail,785,916.97,Late
JM0608,2025-08-20,Carrier A,Truck,155,366.60,On Time
JM0609,2025-08-20,Carrier D,Truck,571,1282.91,Late
JM0610,2025-08-20,Carrier C,Truck,862,1813.82,On Time
JM0611,2025-08-21,Carrier C,Truck,859,1495.06,On Time
JM0612,2025-08-21,Carrier C,Truck,664,1267.44,On Time
JM0613,2025-08-21,Carrier B,Truck,611,1246.60,On Time
JM0614,2025-08-22,Carrier D,Truck,463,979.48,On Time
JM0615,2025-08-22,Carrier A,Truck,252,541.71,On Time
JM0616,2025-08-22,Carrier A,Truck,604,1232.43,On Time
JM0617,2025-08-23,Carrier C,Truck,1239,2467.87,On Time
JM0618,2025-08-23,Carrier B,Truck,1236,2234.84,On Time
JM0619,2025-08-23,Carrier A,Rail,1407,1543.83,On Time
JM0620,2025-08-24,Carrier D,Truck,1235,2247.80,On Time
JM0621,2025-08-24,Carrier C,Truck,1395,2753.21,On Time
JM0622,2025-08-24,Carrier B,Rail,1221,1226.31,On Time
JM0623,2025-08-25,Carrier B,Truck,1245,2380.01,On Time
JM0624,2025-08-25,Carrier A,Rail,823,863.42,Late
JM0625,2025-08-25,Carrier E,Truck,164,429.87,On Time
JM0626,2025-08-26,Carrier D,Rail,2188,2334.56,Late
JM0627,2025-08-26,Carrier D,Truck,160,428.84,Late
JM0628,2025-08-26,Carrier A,Truck,862,1474.20,On Time
JM0629,2025-08-27,Carrier B,Truck,971,1820.74,On Time
JM0630,2025-08-27,Carrier D,Truck,525,1089.53,On Time
JM0631,2025-08-27,Carrier D,Truck,1395,2653.55,On Time
JM0632,2025-08-28,Carrier D,Truck,252,660.10,Late
JM0633,2025-08-28,Carrier D,Truck,251,656.57,On Time
JM0634,2025-08-28,Carrier E,Truck,397,833.05,On Time
JM0635,2025-08-29,Carrier B,Truck,653,1375.31,On Time
JM0636,2025-08-29,Carrier E,Truck,511,1097.94,On Time
JM0637,2025-08-29,Carrier A,Rail,1970,1962.41,Late
JM0638,2025-08-30,Carrier A,Truck,767,1434.67,On Time
JM0639,2025-08-30,Carrier A,Truck,277,630.73,On Time
JM0640,2025-08-31,Carrier E,Truck,624,1243.32,On Time
JM0641,2025-09-01,Carrier A,Truck,394,869.92,On Time
JM0642,2025-09-01,Carrier D,Rail,1017,1091.36,On Time
JM0643,2025-09-01,Carrier D,Truck,772,1518.73,On Time
JM0644,2025-09-02,Carrier A,Truck,805,1506.01,On Time
JM0645,2025-09-02,Carrier A,Truck,161,439.70,On Time
JM0646,2025-09-02,Carrier D,Truck,1323,2373.85,On Time
JM0647,2025-09-03,Carrier E,Truck,478,1083.92,On Time
JM0648,2025-09-03,Carrier A,Truck,988,1638.29,On Time
JM0649,2025-09-03,Carrier A,Truck,604,1045.00,On Time
JM0650,2025-09-04,Carrier C,Truck,466,939.45,On Time
JM0651,2025-09-04,Carrier B,Truck,738,1278.55,On Time
JM0652,2025-09-05,Carrier D,Rail,1283,1552.33,On Time
JM0653,2025-09-05,Carrier A,Truck,928,1626.10,On Time
JM0654,2025-09-05,Carrier A,Truck,478,1028.40,On Time
JM0655,2025-09-06,Carrier B,Truck,728,1345.79,On Time
JM0656,2025-09-06,Carrier B,Truck,165,446.72,On Time
JM0657,2025-09-06,Carrier A,Truck,405,846.93,On Time
JM0658,2025-09-07,Carrier B,Truck,1351,2471.48,Late
JM0659,2025-09-07,Carrier C,Truck,937,1659.16,On Time
JM0660,2025-09-07,Carrier B,Truck,964,1820.36,On Time
JM0661,2025-09-08,Carrier E,Rail,2136,2590.11,On Time
JM0662,2025-09-08,Carrier C,Truck,498,966.12,Late
JM0663,2025-09-09,Carrier B,Truck,813,1447.33,On Time
JM0664,2025-09-09,Carrier E,Truck,1020,1974.70,On Time
JM0665,2025-09-09,Carrier C,Rail,2125,2281.72,On Time
JM0666,2025-09-10,Carrier A,Truck,366,826.32,On Time
JM0667,2025-09-10,Carrier D,Truck,1164,2141.05,On Time
JM0668,2025-09-10,Carrier A,Truck,328,705.70,On Time
JM0669,2025-09-11,Carrier B,Rail,1400,1466.74,On Time
JM0670,2025-09-11,Carrier C,Rail,1625,1639.07,On Time
JM0671,2025-09-12,Carrier A,Rail,1576,1731.55,On Time
JM0672,2025-09-12,Carrier D,Truck,1129,2175.87,On Time
JM0673,2025-09-12,Carrier B,Truck,1342,2602.92,Late
JM0674,2025-09-13,Carrier A,Rail,1347,1515.80,On Time
JM0675,2025-09-13,Carrier C,Rail,1347,1608.47,On Time
JM0676,2025-09-13,Carrier A,Rail,1303,1509.41,On Time
JM0677,2025-09-14,Carrier E,Truck,1070,2066.76,On Time
JM0678,2025-09-14,Carrier C,Truck,1253,2425.88,On Time
JM0679,2025-09-14,Carrier B,Truck,301,619.81,On Time
JM0680,2025-09-15,Carrier C,Rail,1511,1759.44,On Time
JM0681,2025-09-15,Carrier D,Truck,362,825.47,On Time
JM0682,2025-09-16,Carrier A,Rail,2210,2195.20,On Time
JM0683,2025-09-16,Carrier A,Truck,241,504.21,On Time
JM0684,2025-09-16,Carrier C,Truck,1088,1877.64,On Time
JM0685,2025-09-17,Carrier E,Truck,1075,2126.38,On Time
JM0686,2025-09-17,Carrier B,Truck,1278,2478.34,On Time
JM0687,2025-09-17,Carrier C,Truck,539,1032.47,On Time
JM0688,2025-09-18,Carrier A,Truck,171,452.36,On Time
JM0689,2025-09-18,Carrier C,Rail,862,982.94,On Time
JM0690,2025-09-18,Carrier E,Truck,1375,2456.02,On Time
JM0691,2025-09-19,Carrier E,Truck,1041,2076.82,Late
JM0692,2025-09-19,Carrier B,Truck,1226,2368.97,On Time
JM0693,2025-09-20,Carrier E,Rail,456,589.17,On Time
JM0694,2025-09-20,Carrier A,Truck,855,1417.24,On Time
JM0695,2025-09-20,Carrier C,Truck,1061,2191.52,On Time
JM0696,2025-09-21,Carrier D,Rail,1873,1940.04,Late
JM0697,2025-09-21,Carrier B,Truck,1149,2190.23,On Time
JM0698,2025-09-21,Carrier A,Truck,954,1625.91,On Time
JM0699,2025-09-22,Carrier E,Truck,447,1032.71,On Time
JM0700,2025-09-22,Carrier D,Truck,742,1544.87,Late
JM0701,2025-09-23,Carrier D,Truck,1190,2487.58,On Time
JM0702,2025-09-23,Carrier E,Truck,1398,2877.27,On Time
JM0703,2025-09-23,Carrier E,Rail,456,666.27,On Time
JM0704,2025-09-24,Carrier D,Rail,1991,2011.93,On Time
JM0705,2025-09-24,Carrier E,Truck,595,1146.77,On Time
JM0706,2025-09-24,Carrier C,Rail,1931,2099.05,On Time
JM0707,2025-09-25,Carrier A,Truck,769,1524.14,On Time
JM0708,2025-09-25,Carrier E,Rail,1374,1467.91,On Time
JM0709,2025-09-25,Carrier C,Truck,505,1076.55,On Time
JM0710,2025-09-26,Carrier E,Truck,160,458.41,On Time
JM0711,2025-09-26,Carrier A,Truck,403,873.67,On Time
JM0712,2025-09-27,Carrier A,Rail,1300,1335.40,On Time
JM0713,2025-09-27,Carrier A,Truck,1355,2235.69,Late
JM0714,2025-09-27,Carrier C,Truck,1008,2002.31,On Time
JM0715,2025-09-28,Carrier D,Rail,1427,1595.03,On Time
JM0716,2025-09-28,Carrier D,Truck,224,536.75,On Time
JM0717,2025-09-28,Carrier C,Truck,668,1382.42,On Time
JM0718,2025-09-29,Carrier B,Truck,668,1162.61,On Time
JM0719,2025-09-29,Carrier A,Truck,880,1755.65,On Time
JM0720,2025-09-30,Carrier C,Truck,1395,2358.78,On Time
JM0721,2025-10-01,Carrier C,Truck,1036,1932.45,On Time
JM0722,2025-10-01,Carrier D,Truck,816,1457.71,Late
JM0723,2025-10-01,Carrier D,Rail,845,952.80,On Time
JM0724,2025-10-02,Carrier B,Truck,1250,2359.78,Late
JM0725,2025-10-02,Carrier B,Rail,2054,2106.55,On Time
JM0726,2025-10-02,Carrier C,Rail,494,589.62,On Time
JM0727,2025-10-03,Carrier C,Truck,988,2047.63,On Time
JM0728,2025-10-03,Carrier B,Truck,559,1044.68,On Time
JM0729,2025-10-03,Carrier B,Truck,315,668.62,On Time
JM0730,2025-10-04,Carrier A,Truck,474,1020.43,On Time
JM0731,2025-10-04,Carrier B,Truck,1388,2277.23,On Time
JM0732,2025-10-04,Carrier B,Rail,2045,2192.40,On Time
JM0733,2025-10-05,Carrier B,Truck,95,305.83,On Time
JM0734,2025-10-05,Carrier D,Truck,391,862.05,On Time
JM0735,2025-10-05,Carrier A,Truck,232,581.15,On Time
JM0736,2025-10-06,Carrier A,Truck,1152,1865.88,On Time
JM0737,2025-10-06,Carrier C,Truck,1025,1930.24,On Time
JM0738,2025-10-06,Carrier A,Rail,2079,1927.13,On Time
JM0739,2025-10-07,Carrier E,Truck,381,822.97,On Time
JM0740,2025-10-07,Carrier A,Rail,504,585.16,On Time
JM0741,2025-10-07,Carrier E,Rail,1601,1711.08,Late
JM0742,2025-10-08,Carrier E,Truck,492,1101.25,On Time
JM0743,2025-10-08,Carrier A,Truck,520,1107.62,On Time
JM0744,2025-10-08,Carrier B,Rail,1730,1739.82,On Time
JM0745,2025-10-09,Carrier D,Rail,2131,2283.29,On Time
JM0746,2025-10-09,Carrier D,Truck,559,1074.71,On Time
JM0747,2025-10-09,Carrier C,Truck,789,1377.83,On Time
JM0748,2025-10-10,Carrier A,Rail,2299,2509.43,On Time
JM0749,2025-10-10,Carrier C,Truck,878,1523.14,On Time
JM0750,2025-10-10,Carrier B,Truck,1191,2264.19,On Time
JM0751,2025-10-11,Carrier E,Rail,2277,2656.94,On Time
JM0752,2025-10-11,Carrier E,Truck,251,650.13,On Time
JM0753,2025-10-11,Carrier E,Truck,1074,1960.68,On Time
JM0754,2025-10-12,Carrier C,Truck,135,396.43,On Time
JM0755,2025-10-12,Carrier B,Truck,1373,2624.36,On Time
JM0756,2025-10-12,Carrier A,Truck,1365,2530.45,On Time
JM0757,2025-10-13,Carrier E,Rail,1980,2233.04,On Time
JM0758,2025-10-13,Carrier D,Rail,1595,1831.63,On Time
JM0759,2025-10-13,Carrier D,Truck,743,1334.48,On Time
JM0760,2025-10-14,Carrier C,Truck,635,1253.53,On Time
JM0761,2025-10-14,Carrier A,Truck,595,1214.42,On Time
JM0762,2025-10-14,Carrier A,Truck,420,865.99,On Time
JM0763,2025-10-15,Carrier C,Truck,527,1090.61,On Time
JM0764,2025-10-15,Carrier A,Truck,276,562.46,On Time
JM0765,2025-10-15,Carrier B,Rail,2203,2314.70,On Time
JM0766,2025-10-16,Carrier C,Rail,1369,1491.10,On Time
JM0767,2025-10-16,Carrier B,Truck,353,771.22,On Time
JM0768,2025-10-16,Carrier B,Truck,679,1236.80,On Time
JM0769,2025-10-17,Carrier A,Truck,746,1265.40,On Time
JM0770,2025-10-17,Carrier C,Rail,1123,1321.84,On Time
JM0771,2025-10-17,Carrier B,Truck,224,530.76,On Time
JM0772,2025-10-18,Carrier A,Truck,149,431.20,On Time
JM0773,2025-10-18,Carrier A,Truck,250,540.46,On Time
JM0774,2025-10-18,Carrier B,Truck,200,513.86,On Time
JM0775,2025-10-19,Carrier A,Truck,501,926.93,On Time
JM0776,2025-10-19,Carrier A,Truck,941,1805.81,On Time
JM0777,2025-10-19,Carrier B,Truck,262,650.83,On Time
JM0778,2025-10-20,Carrier E,Truck,541,1087.13,On Time
JM0779,2025-10-20,Carrier D,Rail,1999,2236.98,On Time
JM0780,2025-10-20,Carrier D,Truck,364,878.81,On Time
JM0781,2025-10-21,Carrier B,Truck,691,1238.35,On Time
JM0782,2025-10-21,Carrier E,Truck,1248,2595.58,On Time
JM0783,2025-10-21,Carrier C,Truck,626,1316.99,On Time
JM0784,2025-10-22,Carrier B,Rail,500,641.97,Late
JM0785,2025-10-22,Carrier D,Rail,1225,1543.45,On Time
JM0786,2025-10-22,Carrier C,Rail,756,855.23,On Time
JM0787,2025-10-23,Carrier B,Truck,265,607.27,On Time
JM0788,2025-10-23,Carrier B,Rail,839,934.71,On Time
JM0789,2025-10-23,Carrier B,Truck,917,1575.58,Late
JM0790,2025-10-24,Carrier C,Rail,1775,1932.15,On Time
JM0791,2025-10-24,Carrier C,Truck,940,1824.14,On Time
JM0792,2025-10-24,Carrier E,Truck,1151,2144.43,On Time
JM0793,2025-10-25,Carrier B,Rail,741,844.99,On Time
JM0794,2025-10-25,Carrier C,Rail,2242,2240.85,On Time
JM0795,2025-10-25,Carrier A,Truck,317,735.75,On Time
JM0796,2025-10-26,Carrier E,Truck,1347,2465.43,On Time
JM0797,2025-10-26,Carrier B,Truck,1166,2014.51,On Time
JM0798,2025-10-26,Carrier A,Rail,1182,1168.25,On Time
JM0799,2025-10-27,Carrier B,Truck,896,1784.86,On Time
JM0800,2025-10-27,Carrier C,Truck,566,1052.93,On Time
JM0801,2025-10-27,Carrier D,Truck,388,785.98,On Time
JM0802,2025-10-28,Carrier C,Truck,1279,2608.50,On Time
JM0803,2025-10-28,Carrier C,Truck,123,396.32,On Time
JM0804,2025-10-28,Carrier C,Truck,781,1390.78,On Time
JM0805,2025-10-29,Carrier B,Rail,1630,1784.44,On Time
JM0806,2025-10-29,Carrier B,Rail,466,651.62,On Time
JM0807,2025-10-29,Carrier C,Rail,513,718.16,On Time
JM0808,2025-10-30,Carrier A,Truck,425,797.94,On Time
JM0809,2025-10-30,Carrier C,Rail,2258,2443.72,On Time
JM0810,2025-10-31,Carrier B,Truck,174,476.79,On Time
JM0811,2025-11-01,Carrier C,Truck,568,1082.87,On Time
JM0812,2025-11-01,Carrier A,Truck,743,1379.19,On Time
JM0813,2025-11-01,Carrier B,Truck,1203,2080.86,On Time
JM0814,2025-11-01,Carrier B,Truck,1048,1736.82,On Time
JM0815,2025-11-02,Carrier A,Truck,1147,2200.30,Late
JM0816,2025-11-02,Carrier A,Truck,1100,1876.96,On Time
JM0817,2025-11-02,Carrier E,Truck,255,647.85,On Time
JM0818,2025-11-03,Carrier C,Truck,515,982.75,On Time
JM0819,2025-11-03,Carrier E,Truck,104,365.99,On Time
JM0820,2025-11-03,Carrier C,Truck,203,496.75,On Time
JM0821,2025-11-04,Carrier D,Truck,1145,2213.37,On Time
JM0822,2025-11-04,Carrier B,Rail,1205,1358.93,On Time
JM0823,2025-11-04,Carrier E,Truck,1229,2362.32,On Time
JM0824,2025-11-05,Carrier A,Truck,337,701.53,On Time
JM0825,2025-11-05,Carrier B,Truck,213,546.86,On Time
JM0826,2025-11-05,Carrier C,Truck,940,1648.26,On Time
JM0827,2025-11-05,Carrier C,Truck,606,1112.99,On Time
JM0828,2025-11-06,Carrier E,Truck,1337,2364.50,On Time
JM0829,2025-11-06,Carrier E,Truck,402,854.64,On Time
JM0830,2025-11-06,Carrier B,Truck,404,782.25,On Time
JM0831,2025-11-07,Carrier A,Rail,2281,2351.59,On Time
JM0832,2025-11-07,Carrier B,Rail,598,710.28,On Time
JM0833,2025-11-07,Carrier B,Truck,383,838.20,On Time
JM0834,2025-11-08,Carrier B,Truck,1320,2404.49,On Time
JM0835,2025-11-08,Carrier A,Truck,1056,1735.15,On Time
JM0836,2025-11-08,Carrier C,Truck,1380,2541.48,On Time
JM0837,2025-11-09,Carrier B,Truck,1285,2221.42,On Time
JM0838,2025-11-09,Carrier B,Rail,1696,1639.21,On Time
JM0839,2025-11-09,Carrier D,Rail,2096,2333.70,On Time
JM0840,2025-11-09,Carrier D,Truck,558,1205.37,Late
JM0841,2025-11-10,Carrier A,Truck,102,308.24,On Time
JM0842,2025-11-10,Carrier B,Truck,788,1531.07,On Time
JM0843,2025-11-10,Carrier E,Truck,1104,2240.55,On Time
JM0844,2025-11-11,Carrier B,Truck,773,1557.72,On Time
JM0845,2025-11-11,Carrier C,Truck,314,703.24,On Time
JM0846,2025-11-11,Carrier B,Rail,2357,2297.59,On Time
JM0847,2025-11-12,Carrier D,Rail,2066,2321.02,On Time
JM0848,2025-11-12,Carrier B,Rail,1079,1302.39,On Time
JM0849,2025-11-12,Carrier A,Truck,1068,1787.84,On Time
JM0850,2025-11-13,Carrier A,Truck,1023,1686.07,On Time
JM0851,2025-11-13,Carrier A,Rail,2385,2335.75,On Time
JM0852,2025-11-13,Carrier A,Truck,1292,2348.30,On Time
JM0853,2025-11-13,Carrier E,Truck,625,1391.73,On Time
JM0854,2025-11-14,Carrier E,Rail,469,698.40,On Time
JM0855,2025-11-14,Carrier A,Truck,1103,2044.45,On Time
JM0856,2025-11-14,Carrier E,Rail,1987,2333.38,Late
JM0857,2025-11-15,Carrier E,Rail,996,1142.03,On Time
JM0858,2025-11-15,Carrier B,Truck,144,367.09,On Time
JM0859,2025-11-15,Carrier D,Truck,905,1912.55,On Time
JM0860,2025-11-16,Carrier B,Rail,1775,1944.88,On Time
JM0861,2025-11-16,Carrier C,Rail,1567,1765.84,On Time
JM0862,2025-11-16,Carrier D,Truck,1262,2304.94,On Time
JM0863,2025-11-17,Carrier E,Truck,1270,2685.64,On Time
JM0864,2025-11-17,Carrier A,Truck,694,1266.03,On Time
JM0865,2025-11-17,Carrier C,Truck,890,1658.75,On Time
JM0866,2025-11-17,Carrier C,Truck,610,1334.04,On Time
JM0867,2025-11-18,Carrier D,Rail,1618,1990.80,On Time
JM0868,2025-11-18,Carrier C,Rail,1224,1372.25,On Time
JM0869,2025-11-18,Carrier C,Truck,1241,2115.35,On Time
JM0870,2025-11-19,Carrier C,Truck,355,730.32,On Time
JM0871,2025-11-19,Carrier B,Truck,1171,2305.02,On Time
JM0872,2025-11-19,Carrier C,Truck,270,642.43,On Time
JM0873,2025-11-20,Carrier D,Truck,1004,1901.76,On Time
JM0874,2025-11-20,Carrier E,Truck,419,855.80,On Time
JM0875,2025-11-20,Carrier B,Rail,843,882.82,On Time
JM0876,2025-11-21,Carrier A,Truck,212,545.42,On Time
JM0877,2025-11-21,Carrier A,Truck,526,961.06,On Time
JM0878,2025-11-21,Carrier C,Truck,1254,2134.20,On Time
JM0879,2025-11-21,Carrier B,Truck,1399,2288.39,On Time
JM0880,2025-11-22,Carrier A,Truck,1316,2176.20,On Time
JM0881,2025-11-22,Carrier B,Truck,399,790.10,On Time
JM0882,2025-11-22,Carrier A,Truck,274,548.05,On Time
JM0883,2025-11-23,Carrier A,Truck,1096,1968.59,On Time
JM0884,2025-11-23,Carrier D,Truck,292,629.86,On Time
JM0885,2025-11-23,Carrier B,Rail,1084,1257.60,On Time
JM0886,2025-11-24,Carrier A,Truck,979,1636.65,On Time
JM0887,2025-11-24,Carrier C,Truck,724,1433.20,On Time
JM0888,2025-11-24,Carrier C,Truck,104,364.79,On Time
JM0889,2025-11-25,Carrier C,Truck,1273,2345.40,On Time
JM0890,2025-11-25,Carrier B,Truck,1352,2344.51,On Time
JM0891,2025-11-25,Carrier D,Rail,567,689.45,On Time
JM0892,2025-11-25,Carrier A,Truck,1097,1824.91,On Time
JM0893,2025-11-26,Carrier A,Truck,516,1080.31,Late
JM0894,2025-11-26,Carrier A,Truck,408,815.24,On Time
JM0895,2025-11-26,Carrier C,Truck,1291,2237.88,On Time
JM0896,2025-11-27,Carrier D,Truck,319,796.54,On Time
JM0897,2025-11-27,Carrier E,Rail,2270,2391.26,On Time
JM0898,2025-11-27,Carrier E,Truck,698,1539.22,On Time
JM0899,2025-11-28,Carrier A,Truck,678,1350.01,Late
JM0900,2025-11-28,Carrier A,Rail,2188,2106.56,On Time
JM0901,2025-11-28,Carrier A,Truck,1342,2134.28,On Time
JM0902,2025-11-29,Carrier D,Rail,1124,1321.17,On Time
JM0903,2025-11-29,Carrier A,Truck,916,1729.07,Late
JM0904,2025-11-29,Carrier C,Truck,231,553.23,On Time
JM0905,2025-11-30,Carrier E,Rail,742,981.14,On Time
JM0906,2025-12-01,Carrier A,Truck,987,1663.96,On Time
JM0907,2025-12-01,Carrier D,Truck,779,1669.33,On Time
JM0908,2025-12-01,Carrier B,Truck,595,1170.35,On Time
JM0909,2025-12-01,Carrier B,Truck,191,462.34,On Time
JM0910,2025-12-02,Carrier B,Rail,1375,1500.86,On Time
JM0911,2025-12-02,Carrier E,Rail,595,845.57,On Time
JM0912,2025-12-02,Carrier A,Truck,1324,2504.72,On Time
JM0913,2025-12-03,Carrier B,Truck,1351,2195.44,Late
JM0914,2025-12-03,Carrier A,Truck,1183,2234.44,On Time
JM0915,2025-12-03,Carrier A,Truck,382,736.89,On Time
JM0916,2025-12-04,Carrier B,Rail,1359,1403.14,On Time
JM0917,2025-12-04,Carrier C,Rail,1306,1354.79,On Time
JM0918,2025-12-04,Carrier A,Truck,642,1326.95,On Time
JM0919,2025-12-05,Carrier B,Rail,940,991.79,On Time
JM0920,2025-12-05,Carrier C,Truck,264,614.61,On Time
JM0921,2025-12-05,Carrier B,Truck,899,1521.30,Late
JM0922,2025-12-06,Carrier B,Truck,962,1802.52,On Time
JM0923,2025-12-06,Carrier E,Truck,1192,2374.73,On Time
JM0924,2025-12-06,Carrier B,Truck,1322,2389.50,On Time
JM0925,2025-12-07,Carrier A,Truck,1056,1789.39,On Time
JM0926,2025-12-07,Carrier B,Truck,487,1053.27,On Time
JM0927,2025-12-07,Carrier D,Truck,137,382.33,On Time
JM0928,2025-12-08,Carrier A,Truck,1226,2033.87,On Time
JM0929,2025-12-08,Carrier D,Truck,1350,2469.00,On Time
JM0930,2025-12-08,Carrier B,Rail,941,1003.87,On Time
JM0931,2025-12-08,Carrier D,Truck,1022,2120.56,On Time
JM0932,2025-12-09,Carrier A,Truck,512,1078.57,Late
JM0933,2025-12-09,Carrier C,Truck,1011,1846.23,On Time
JM0934,2025-12-09,Carrier A,Rail,1096,1155.43,On Time
JM0935,2025-12-10,Carrier B,Truck,322,675.21,On Time
JM0936,2025-12-10,Carrier E,Truck,1093,2252.04,On Time
JM0937,2025-12-10,Carrier B,Rail,1547,1684.86,On Time
JM0938,2025-12-11,Carrier D,Truck,1038,1953.62,On Time
JM0939,2025-12-11,Carrier C,Truck,1257,2362.69,On Time
JM0940,2025-12-11,Carrier A,Truck,587,1213.71,On Time
JM0941,2025-12-12,Carrier D,Truck,1124,1946.20,On Time
JM0942,2025-12-12,Carrier D,Truck,528,1026.64,On Time
JM0943,2025-12-12,Carrier C,Truck,1281,2215.66,On Time
JM0944,2025-12-13,Carrier B,Truck,1251,2161.32,On Time
JM0945,2025-12-13,Carrier D,Truck,513,1165.16,On Time
JM0946,2025-12-13,Carrier C,Truck,1343,2730.85,On Time
JM0947,2025-12-14,Carrier D,Truck,907,1625.12,On Time
JM0948,2025-12-14,Carrier B,Truck,1069,1911.01,On Time
JM0949,2025-12-14,Carrier B,Rail,518,689.31,On Time
JM0950,2025-12-15,Carrier D,Rail,455,662.60,On Time
JM0951,2025-12-15,Carrier A,Truck,707,1187.63,On Time
JM0952,2025-12-15,Carrier C,Truck,1125,2223.80,On Time
JM0953,2025-12-16,Carrier B,Truck,1277,2123.55,On Time
JM0954,2025-12-16,Carrier B,Truck,436,971.77,On Time
JM0955,2025-12-16,Carrier B,Truck,619,1114.94,On Time
JM0956,2025-12-16,Carrier A,Truck,1383,2545.57,On Time
JM0957,2025-12-17,Carrier C,Truck,501,1002.67,On Time
JM0958,2025-12-17,Carrier B,Truck,821,1595.42,On Time
JM0959,2025-12-17,Carrier B,Rail,2039,2156.55,On Time
JM0960,2025-12-18,Carrier E,Truck,571,1133.90,On Time
JM0961,2025-12-18,Carrier A,Truck,351,697.61,On Time
JM0962,2025-12-18,Carrier A,Truck,537,973.34,On Time
JM0963,2025-12-19,Carrier A,Truck,1151,1876.02,On Time
JM0964,2025-12-19,Carrier C,Truck,1381,2453.27,On Time
JM0965,2025-12-19,Carrier C,Truck,1220,2184.29,On Time
JM0966,2025-12-20,Carrier D,Truck,1143,2305.16,On Time
JM0967,2025-12-20,Carrier B,Truck,807,1502.89,On Time
JM0968,2025-12-20,Carrier B,Rail,980,1155.09,On Time
JM0969,2025-12-21,Carrier B,Rail,490,691.31,On Time
JM0970,2025-12-21,Carrier C,Truck,257,574.75,On Time
JM0971,2025-12-21,Carrier B,Rail,1230,1243.35,On Time
JM0972,2025-12-22,Carrier A,Truck,448,880.68,On Time
JM0973,2025-12-22,Carrier A,Truck,1313,2126.98,On Time
JM0974,2025-12-22,Carrier B,Truck,267,565.56,On Time
JM0975,2025-12-23,Carrier A,Truck,1078,2110.45,On Time
JM0976,2025-12-23,Carrier D,Truck,1208,2361.34,On Time
JM0977,2025-12-23,Carrier B,Truck,959,1869.83,On Time
JM0978,2025-12-23,Carrier B,Truck,1011,1814.54,On Time
JM0979,2025-12-24,Carrier A,Truck,1206,2102.87,On Time
JM0980,2025-12-24,Carrier E,Truck,598,1187.86,On Time
JM0981,2025-12-24,Carrier A,Truck,1144,2217.59,Late
JM0982,2025-12-25,Carrier E,Truck,278,671.74,On Time
JM0983,2025-12-25,Carrier A,Truck,557,1104.37,On Time
JM0984,2025-12-25,Carrier A,Truck,1146,2210.25,On Time
JM0985,2025-12-26,Carrier B,Truck,129,390.31,Late
JM0986,2025-12-26,Carrier B,Truck,224,489.79,On Time
JM0987,2025-12-26,Carrier C,Rail,832,998.84,On Time
JM0988,2025-12-27,Carrier C,Truck,1140,1989.64,On Time
JM0989,2025-12-27,Carrier A,Truck,1072,1927.18,On Time
JM0990,2025-12-27,Carrier E,Truck,513,1133.31,On Time
JM0991,2025-12-28,Carrier C,Rail,2189,2279.78,On Time
JM0992,2025-12-28,Carrier B,Truck,1043,1758.88,On Time
JM0993,2025-12-28,Carrier C,Truck,168,491.90,On Time
JM0994,2025-12-29,Carrier B,Rail,823,962.92,Late
JM0995,2025-12-29,Carrier D,Truck,774,1687.51,On Time
JM0996,2025-12-29,Carrier B,Truck,1271,2271.69,Late
JM0997,2025-12-30,Carrier B,Rail,2126,2288.29,On Time
JM0998,2025-12-30,Carrier D,Truck,997,1940.91,On Time
JM0999,2025-12-30,Carrier E,Rail,1821,2071.37,On Time
JM1000,2025-12-31,Carrier A,Truck,539,942.18,On Time
